id,name,shirtNumber,positionId,link
406625,Lautaro Martínez,10,4,/lautaro-martinez/profil/spieler/406625
255942,Nicolò Barella,23,3,/nicolo-barella/profil/spieler/255942
204069,Milan Skriniar,37,2,/milan-skriniar/profil/spieler/204069
315853,Alessandro Bastoni,95,2,/alessandro-bastoni/profil/spieler/315853
111196,Stefan de Vrij,6,2,/stefan-de-vrij/profil/spieler/111196
156617,Marcelo Brozovic,77,3,/marcelo-brozovic/profil/spieler/156617
126414,Hakan Calhanoglu,20,3,/hakan-calhanoglu/profil/spieler/126414
227081,Joaquín Correa,19,4,/joaquin-correa/profil/spieler/227081
321528,Denzel Dumfries,2,2,/denzel-dumfries/profil/spieler/321528
197471,Roberto Gagliardini,5,3,/roberto-gagliardini/profil/spieler/197471
540941,Mikkel Damsgaard,38,4,/mikkel-damsgaard/profil/spieler/540941
256339,Emil Audero,1,1,/emil-audero/profil/spieler/256339
503638,Mohamed Ihattaren,20,3,/mohamed-ihattaren/profil/spieler/503638
226524,Morten Thorsby,2,3,/morten-thorsby/profil/spieler/226524
144143,Bartosz Bereszynski,24,2,/bartosz-bereszynski/profil/spieler/144143
174733,Omar Colley,15,2,/omar-colley/profil/spieler/174733
112343,Manolo Gabbiadini,23,4,/manolo-gabbiadini/profil/spieler/112343
434676,Ronaldo Vieira,14,3,/ronaldo-vieira/profil/spieler/434676
159883,Ernesto Torregrossa,9,4,/ernesto-torregrossa/profil/spieler/159883
198116,Federico Dimarco,32,2,/federico-dimarco/profil/spieler/198116
42460,Ivan Perisic,14,3,/ivan-perisic/profil/spieler/42460
216179,Stefano Sensi,12,3,/stefano-sensi/profil/spieler/216179
143812,Matías Vecino,8,3,/matias-vecino/profil/spieler/143812
54906,Matteo Darmian,36,2,/matteo-darmian/profil/spieler/54906
40433,Alexis Sánchez,7,4,/alexis-sanchez/profil/spieler/40433
55769,Danilo D'Ambrosio,33,2,/danilo-dambrosio/profil/spieler/55769
303657,Ionut Radu,97,1,/ionut-radu/profil/spieler/303657
84765,Francesco Caputo,10,4,/francesco-caputo/profil/spieler/84765
284595,Tommaso Augello,3,2,/tommaso-augello/profil/spieler/284595
162961,Valerio Verre,8,3,/valerio-verre/profil/spieler/162961
171399,Nicola Murru,29,2,/nicola-murru/profil/spieler/171399
324282,Fabio Depaoli,12,2,/fabio-depaoli/profil/spieler/324282
81789,Maya Yoshida,22,2,/maya-yoshida/profil/spieler/81789
49275,Albin Ekdal,6,3,/albin-ekdal/profil/spieler/49275
56810,Adrien Silva,5,3,/adrien-silva/profil/spieler/56810
303219,Julian Chabot,4,2,/julian-chabot/profil/spieler/303219
568559,Radu Dragusin,19,2,/radu-dragusin/profil/spieler/568559
28396,Edin Dzeko,9,4,/edin-dzeko/profil/spieler/28396
37666,Arturo Vidal,22,3,/arturo-vidal/profil/spieler/37666
28021,Samir Handanovic,1,1,/samir-handanovic/profil/spieler/28021
640109,Martín Satriano,48,4,/martin-satriano/profil/spieler/640109
46156,Aleksandar Kolarov,11,2,/aleksandar-kolarov/profil/spieler/46156
44327,Andrea Ranocchia,13,2,/andrea-ranocchia/profil/spieler/44327
491705,Facundo Colidio,0,4,/facundo-colidio/profil/spieler/491705
371247,Gabriel Brazão,0,1,/gabriel-brazao/profil/spieler/371247
16633,Alex Cordaz,21,1,/alex-cordaz/profil/spieler/16633
69633,Christian Eriksen,24,3,/christian-eriksen/profil/spieler/69633
25488,Antonio Candreva,87,3,/antonio-candreva/profil/spieler/25488
238537,Wladimiro Falcone,33,1,/wladimiro-falcone/profil/spieler/238537
197491,Alex Ferrari,25,2,/alex-ferrari/profil/spieler/197491
22328,Fabio Quagliarella,27,4,/fabio-quagliarella/profil/spieler/22328
574495,Kristoffer Askildsen,16,3,/kristoffer-askildsen/profil/spieler/574495
487839,Simone Trimboli,70,3,/simone-trimboli/profil/spieler/487839
42796,Nicola Ravaglia,30,1,/nicola-ravaglia/profil/spieler/42796
628558,Riccardo Ciervo,11,4,/riccardo-ciervo/profil/spieler/628558
326031,Matthijs de Ligt,4,2,/matthijs-de-ligt/profil/spieler/326031
341092,Federico Chiesa,22,4,/federico-chiesa/profil/spieler/341092
206050,Paulo Dybala,10,4,/paulo-dybala/profil/spieler/206050
128223,Álvaro Morata,9,4,/alvaro-morata/profil/spieler/128223
265088,Manuel Locatelli,27,3,/manuel-locatelli/profil/spieler/265088
362842,Arthur,5,3,/arthur/profil/spieler/362842
364135,Moise Kean,18,4,/moise-kean/profil/spieler/364135
431755,Dejan Kulusevski,44,4,/dejan-kulusevski/profil/spieler/431755
182913,Adrien Rabiot,25,3,/adrien-rabiot/profil/spieler/182913
354362,Rodrigo Bentancur,30,3,/rodrigo-bentancur/profil/spieler/354362
332697,Weston McKennie,14,3,/weston-mckennie/profil/spieler/332697
79960,Alex Sandro,12,2,/alex-sandro/profil/spieler/79960
145707,Danilo,6,2,/danilo/profil/spieler/145707
91970,Juan Cuadrado,11,2,/juan-cuadrado/profil/spieler/91970
44058,Wojciech Szczesny,1,1,/wojciech-szczesny/profil/spieler/44058
197300,Federico Bernardeschi,20,4,/federico-bernardeschi/profil/spieler/197300
620477,Kaio Jorge,21,4,/kaio-jorge/profil/spieler/620477
50057,Aaron Ramsey,8,3,/aaron-ramsey/profil/spieler/50057
266302,Sergej Milinković-Savić,21,3,/sergej-milinkovi%C4%87-savi%C4%87/profil/spieler/266302
128220,Luis Alberto,10,3,/luis-alberto/profil/spieler/128220
105521,Ciro Immobile,17,4,/ciro-immobile/profil/spieler/105521
331401,Manuel Lazzari,29,2,/manuel-lazzari/profil/spieler/331401
457931,Luiz Felipe,3,2,/luiz-felipe/profil/spieler/457931
283735,Mattia Zaccagni,20,3,/mattia-zaccagni/profil/spieler/283735
200056,Elseid Hysaj,23,2,/elseid-hysaj/profil/spieler/200056
39983,Leonardo Bonucci,19,2,/leonardo-bonucci/profil/spieler/39983
88682,Mattia De Sciglio,2,2,/mattia-de-sciglio/profil/spieler/88682
346567,Luca Pellegrini,17,2,/luca-pellegrini/profil/spieler/346567
110923,Mattia Perin,36,1,/mattia-perin/profil/spieler/110923
162959,Daniele Rugani,24,2,/daniele-rugani/profil/spieler/162959
29260,Giorgio Chiellini,3,2,/giorgio-chiellini/profil/spieler/29260
75411,Carlo Pinsoglio,23,1,/carlo-pinsoglio/profil/spieler/75411
286297,Lorenzo Pellegrini,7,3,/lorenzo-pellegrini/profil/spieler/286297
392085,Nicolò Zaniolo,22,4,/nicolo-zaniolo/profil/spieler/392085
331726,Tammy Abraham,9,4,/tammy-abraham/profil/spieler/331726
164771,Jordan Veretout,17,3,/jordan-veretout/profil/spieler/164771
256448,Gianluca Mancini,23,2,/gianluca-mancini/profil/spieler/256448
118689,Leonardo Spinazzola,37,2,/leonardo-spinazzola/profil/spieler/118689
524481,Roger Ibañez,3,2,/roger-ibanez/profil/spieler/524481
371371,Marash Kumbulla,24,2,/marash-kumbulla/profil/spieler/371371
199248,Bryan Cristante,4,3,/bryan-cristante/profil/spieler/199248
55735,Henrikh Mkhitaryan,77,3,/henrikh-mkhitaryan/profil/spieler/55735
294808,Franck Kessié,79,3,/franck-kessie/profil/spieler/294808
339808,Theo Hernández,19,2,/theo-hernandez/profil/spieler/339808
303254,Fikayo Tomori,23,2,/fikayo-tomori/profil/spieler/303254
351816,Ismaël Bennacer,4,3,/ismael-bennacer/profil/spieler/351816
187587,Ante Rebic,12,4,/ante-rebic/profil/spieler/187587
397033,Sandro Tonali,8,3,/sandro-tonali/profil/spieler/397033
182906,Mike Maignan,16,1,/mike-maignan/profil/spieler/182906
262523,Davide Calabria,2,2,/davide-calabria/profil/spieler/262523
357164,Rafael Leão,17,4,/rafael-leao/profil/spieler/357164
314678,Brahim Díaz,10,3,/brahim-diaz/profil/spieler/314678
401923,Victor Osimhen,9,4,/victor-osimhen/profil/spieler/401923
181136,Piotr Zielinski,20,3,/piotr-zielinski/profil/spieler/181136
93128,Kalidou Koulibaly,26,2,/kalidou-koulibaly/profil/spieler/93128
133964,Lorenzo Insigne,24,4,/lorenzo-insigne/profil/spieler/133964
316889,Hirving Lozano,11,4,/hirving-lozano/profil/spieler/316889
350219,Fabián Ruiz,8,3,/fabian-ruiz/profil/spieler/350219
165895,Matteo Politano,21,4,/matteo-politano/profil/spieler/165895
354361,André Zambo Anguissa,99,3,/andre-zambo-anguissa/profil/spieler/354361
272261,Antonin Barak,7,3,/antonin-barak/profil/spieler/272261
282388,Giovanni Simeone,99,4,/giovanni-simeone/profil/spieler/282388
470794,Ivan Ilic,14,3,/ivan-ilic/profil/spieler/470794
73926,Davide Faraoni,5,2,/davide-faraoni/profil/spieler/73926
146752,Gianluca Caprari,10,4,/gianluca-caprari/profil/spieler/146752
157507,Adrien Tamèze,61,3,/adrien-tameze/profil/spieler/157507
70411,Darko Lazovic,8,3,/darko-lazovic/profil/spieler/70411
115763,Koray Günter,21,2,/koray-gunter/profil/spieler/115763
177843,Domenico Berardi,25,4,/domenico-berardi/profil/spieler/177843
216569,Jérémie Boga,7,4,/jeremie-boga/profil/spieler/216569
391065,Hamed Junior Traorè,23,3,/hamed-junior-traore/profil/spieler/391065
315867,Gianluca Scamacca,91,4,/gianluca-scamacca/profil/spieler/315867
405885,Giacomo Raspadori,18,4,/giacomo-raspadori/profil/spieler/405885
552549,Matheus Henrique,97,3,/matheus-henrique/profil/spieler/552549
277167,Gian Marco Ferrari,31,2,/gian-marco-ferrari/profil/spieler/277167
290862,Maxime López,8,3,/maxime-lopez/profil/spieler/290862
94307,Filip Djuricic,10,3,/filip-djuricic/profil/spieler/94307
353922,Mert Müldür,17,2,/mert-muldur/profil/spieler/353922
273132,Robin Gosens,8,2,/robin-gosens/profil/spieler/273132
73794,Duván Zapata,91,4,/duvan-zapata/profil/spieler/73794
119228,Luis Muriel,9,4,/luis-muriel/profil/spieler/119228
207877,Ruslan Malinovskyi,18,3,/ruslan-malinovskyi/profil/spieler/207877
340879,Merih Demiral,28,2,/merih-demiral/profil/spieler/340879
148252,Remo Freuler,11,3,/remo-freuler/profil/spieler/148252
133179,Marten de Roon,15,3,/marten-de-roon/profil/spieler/133179
131075,Francesco Acerbi,33,2,/francesco-acerbi/profil/spieler/131075
159372,Felipe Anderson,7,4,/felipe-anderson/profil/spieler/159372
239802,Adam Marusic,77,2,/adam-marusic/profil/spieler/239802
334835,Toma Basic,88,3,/toma-basic/profil/spieler/334835
256267,Vedat Muriqi,94,4,/vedat-muriqi/profil/spieler/256267
222209,Thomas Strakosha,1,1,/thomas-strakosha/profil/spieler/222209
205006,Rick Karsdorp,2,2,/rick-karsdorp/profil/spieler/205006
298976,Borja Mayoral,21,4,/borja-mayoral/profil/spieler/298976
355501,Amadou Diawara,42,3,/amadou-diawara/profil/spieler/355501
358166,Eldor Shomurodov,14,4,/eldor-shomurodov/profil/spieler/358166
398163,Gonzalo Villar,8,3,/gonzalo-villar/profil/spieler/398163
103427,Chris Smalling,6,2,/chris-smalling/profil/spieler/103427
439072,Matías Viña,5,2,/matias-vina/profil/spieler/439072
182618,Tiemoué Bakayoko,41,3,/tiemoue-bakayoko/profil/spieler/182618
197747,Alessio Romagnoli,13,2,/alessio-romagnoli/profil/spieler/197747
381950,Alexis Saelemaekers,56,4,/alexis-saelemaekers/profil/spieler/381950
48859,Simon Kjaer,24,2,/simon-kjaer/profil/spieler/48859
323167,Matteo Gabbia,46,2,/matteo-gabbia/profil/spieler/323167
130365,Alessandro Florenzi,25,2,/alessandro-florenzi/profil/spieler/130365
585949,Pierre Kalulu,20,2,/pierre-kalulu/profil/spieler/585949
296422,Fodé Ballo-Touré,5,2,/fode-ballo-toure/profil/spieler/296422
169880,Giovanni Di Lorenzo,22,2,/giovanni-di-lorenzo/profil/spieler/169880
240414,Alex Meret,1,1,/alex-meret/profil/spieler/240414
400489,Eljif Elmas,7,3,/eljif-elmas/profil/spieler/400489
82070,Diego Demme,4,3,/diego-demme/profil/spieler/82070
257732,Amir Rrahmani,13,2,/amir-rrahmani/profil/spieler/257732
104752,Konstantinos Manolas,44,2,/konstantinos-manolas/profil/spieler/104752
199258,Andrea Petagna,37,4,/andrea-petagna/profil/spieler/199258
192735,Stanislav Lobotka,68,3,/stanislav-lobotka/profil/spieler/192735
87884,Mário Rui,6,2,/mario-rui/profil/spieler/87884
400485,Adam Ounas,33,4,/adam-ounas/profil/spieler/400485
131951,Kevin Lasagna,11,4,/kevin-lasagna/profil/spieler/131951
310458,Giangiacomo Magnani,23,2,/giangiacomo-magnani/profil/spieler/310458
398808,Martin Hongla,78,3,/martin-hongla/profil/spieler/398808
248732,Pawel Dawidowicz,27,2,/pawel-dawidowicz/profil/spieler/248732
290032,Kevin Rüegg,20,3,/kevin-ruegg/profil/spieler/290032
163639,Federico Ceccherini,17,2,/federico-ceccherini/profil/spieler/163639
241923,Lorenzo Montipò,96,1,/lorenzo-montipo/profil/spieler/241923
431698,Bosko Sutalo,31,2,/bosko-sutalo/profil/spieler/431698
394300,Davide Frattesi,16,3,/davide-frattesi/profil/spieler/394300
119031,Kaan Ayhan,5,2,/kaan-ayhan/profil/spieler/119031
401527,Rogério,6,2,/rogerio/profil/spieler/401527
101213,Pedro Obiang,14,3,/pedro-obiang/profil/spieler/101213
129674,Jeremy Toljan,22,2,/jeremy-toljan/profil/spieler/129674
163222,Grégoire Defrel,92,4,/gregoire-defrel/profil/spieler/163222
311178,Georgios Kyriakopoulos,77,2,/georgios-kyriakopoulos/profil/spieler/311178
123261,Vlad Chiriches,21,2,/vlad-chiriches/profil/spieler/123261
416386,Abdou Harroui,20,3,/abdou-harroui/profil/spieler/416386
35865,Andrea Consigli,47,1,/andrea-consigli/profil/spieler/35865
205938,Mario Pasalic,88,3,/mario-pasalic/profil/spieler/205938
165513,Berat Djimsiti,19,2,/berat-djimsiti/profil/spieler/165513
242359,Juan Musso,1,1,/juan-musso/profil/spieler/242359
332179,Matteo Pessina,32,3,/matteo-pessina/profil/spieler/332179
369674,Joakim Maehle,3,2,/joakim-maehle/profil/spieler/369674
360518,Teun Koopmeiners,7,3,/teun-koopmeiners/profil/spieler/360518
275303,Hans Hateboer,33,2,/hans-hateboer/profil/spieler/275303
72441,Rafael Tolói,2,2,/rafael-toloi/profil/spieler/72441
126729,Patric,4,2,/patric/profil/spieler/126729
65278,Pedro,9,4,/pedro/profil/spieler/65278
239962,Denis Vavro,19,2,/denis-vavro/profil/spieler/239962
41414,Lucas Leiva,6,3,/lucas-leiva/profil/spieler/41414
170481,Jean-Daniel Akpa Akpro,8,3,/jean-daniel-akpa-akpro/profil/spieler/170481
266795,Gonzalo Escalante,5,3,/gonzalo-escalante/profil/spieler/266795
624942,Raúl Moro,27,4,/raul-moro/profil/spieler/624942
199733,Danilo Cataldi,32,3,/danilo-cataldi/profil/spieler/199733
45026,Rui Patrício,1,1,/rui-patricio/profil/spieler/45026
282810,Carles Pérez,11,4,/carles-perez/profil/spieler/282810
94529,Stephan El Shaarawy,92,4,/stephan-el-shaarawy/profil/spieler/94529
475208,Bryan Reynolds,19,2,/bryan-reynolds/profil/spieler/475208
502821,Riccardo Calafiori,13,2,/riccardo-calafiori/profil/spieler/502821
647484,Ebrima Darboe,55,3,/ebrima-darboe/profil/spieler/647484
84344,Davide Santon,18,2,/davide-santon/profil/spieler/84344
259953,Rade Krunic,33,3,/rade-krunic/profil/spieler/259953
364133,Pietro Pellegri,64,4,/pietro-pellegri/profil/spieler/364133
195171,Samu Castillejo,7,4,/samu-castillejo/profil/spieler/195171
449151,Junior Messias,30,3,/junior-messias/profil/spieler/449151
3455,Zlatan Ibrahimovic,11,4,/zlatan-ibrahimovic/profil/spieler/3455
82442,Olivier Giroud,9,4,/olivier-giroud/profil/spieler/82442
111227,Andrea Conti,14,2,/andrea-conti/profil/spieler/111227
539134,Daniel Maldini,27,3,/daniel-maldini/profil/spieler/539134
357991,Alessandro Plizzari,77,1,/alessandro-plizzari/profil/spieler/357991
56416,Dries Mertens,14,4,/dries-mertens/profil/spieler/56416
73396,David Ospina,25,1,/david-ospina/profil/spieler/73396
126711,Kévin Malcuit,2,2,/kevin-malcuit/profil/spieler/126711
126656,Faouzi Ghoulam,31,2,/faouzi-ghoulam/profil/spieler/126656
121985,Juan Jesus,5,2,/juan-jesus/profil/spieler/121985
397225,Alessandro Zanoli,59,2,/alessandro-zanoli/profil/spieler/397225
417414,Davide Marfella,12,1,/davide-marfella/profil/spieler/417414
140757,Daniel Bessa,24,3,/daniel-bessa/profil/spieler/140757
386755,Gianluca Frabotta,30,2,/gianluca-frabotta/profil/spieler/386755
391498,Mert Cetin,15,2,/mert-cetin/profil/spieler/391498
389837,Nicolò Casale,16,2,/nicolo-casale/profil/spieler/389837
36371,Nikola Kalinic,9,4,/nikola-kalinic/profil/spieler/36371
371013,Ivor Pandur,1,1,/ivor-pandur/profil/spieler/371013
550106,Matteo Cancellieri,18,4,/matteo-cancellieri/profil/spieler/550106
43848,Miguel Veloso,4,3,/miguel-veloso/profil/spieler/43848
102470,Antonino Ragusa,32,4,/antonino-ragusa/profil/spieler/102470
127217,Alessandro Berardi,22,1,/alessandro-berardi/profil/spieler/127217
459661,Eddie Salcedo,29,4,/eddie-salcedo/profil/spieler/459661
353796,Giulio Maggiore,25,3,/giulio-maggiore/profil/spieler/353796
257751,Simone Bastoni,20,2,/simone-bastoni/profil/spieler/257751
538974,Janis Antiste,22,4,/janis-antiste/profil/spieler/538974
203842,Viktor Kovalenko,8,3,/viktor-kovalenko/profil/spieler/203842
357003,Martin Erlic,28,2,/martin-erlic/profil/spieler/357003
567217,Ebrima Colley,19,4,/ebrima-colley/profil/spieler/567217
268178,Arkadiusz Reca,13,2,/arkadiusz-reca/profil/spieler/268178
344072,Kelvin Amian,27,2,/kelvin-amian/profil/spieler/344072
587458,Kevin Agudelo,33,4,/kevin-agudelo/profil/spieler/587458
167727,Andrea Belotti,9,4,/andrea-belotti/profil/spieler/167727
129588,Dennis Praet,22,3,/dennis-praet/profil/spieler/129588
516716,Bremer,3,2,/bremer/profil/spieler/516716
308279,Rolando Mandragora,38,3,/rolando-mandragora/profil/spieler/308279
293169,Josip Brekalo,14,4,/josip-brekalo/profil/spieler/293169
32113,Armando Izzo,5,2,/armando-izzo/profil/spieler/32113
392538,Tommaso Pobega,4,3,/tommaso-pobega/profil/spieler/392538
315063,Nahitan Nández,18,3,/nahitan-nandez/profil/spieler/315063
129129,João Pedro,10,4,/joao-pedro/profil/spieler/129129
12907,Alessio Cragno,28,1,/alessio-cragno/profil/spieler/12907
295183,Razvan Marin,8,3,/razvan-marin/profil/spieler/295183
317482,Marko Rog,6,3,/marko-rog/profil/spieler/317482
238752,Keita Baldé,9,4,/keita-balde/profil/spieler/238752
345458,Sebastian Walukiewicz,40,2,/sebastian-walukiewicz/profil/spieler/345458
392569,Gabriele Zappa,25,2,/gabriele-zappa/profil/spieler/392569
68864,Kevin Strootman,16,3,/kevin-strootman/profil/spieler/68864
481834,Andrea Carboni,44,2,/andrea-carboni/profil/spieler/481834
256678,Filippo Romagna,19,2,/filippo-romagna/profil/spieler/256678
242940,Edoardo Goldaniga,3,2,/edoardo-goldaniga/profil/spieler/242940
345473,Nicolás Schiappacasse,0,4,/nicolas-schiappacasse/profil/spieler/345473
7093,Francesco Magnanelli,4,3,/francesco-magnanelli/profil/spieler/7093
21763,Federico Peluso,13,2,/federico-peluso/profil/spieler/21763
323255,Giacomo Satalino,24,1,/giacomo-satalino/profil/spieler/323255
21872,Gianluca Pegolo,56,1,/gianluca-pegolo/profil/spieler/21872
486624,Musa Barrow,99,4,/musa-barrow/profil/spieler/486624
368482,Riccardo Orsolini,7,4,/riccardo-orsolini/profil/spieler/368482
342405,Mattias Svanberg,32,3,/mattias-svanberg/profil/spieler/342405
112302,Roberto Pereyra,37,3,/roberto-pereyra/profil/spieler/112302
129476,Gerard Deulofeu,10,4,/gerard-deulofeu/profil/spieler/129476
424042,Nahuel Molina,16,2,/nahuel-molina/profil/spieler/424042
546880,Brandon Soppy,93,2,/brandon-soppy/profil/spieler/546880
595809,Beto,9,4,/beto/profil/spieler/595809
255450,Aleksey Miranchuk,59,3,/aleksey-miranchuk/profil/spieler/255450
125020,José Luis Palomino,6,2,/jose-luis-palomino/profil/spieler/125020
173859,Davide Zappacosta,77,2,/davide-zappacosta/profil/spieler/173859
459655,Matteo Lovato,66,2,/matteo-lovato/profil/spieler/459655
80351,Josip Ilicic,72,4,/josip-ilicic/profil/spieler/80351
336960,Giuseppe Pezzella,13,2,/giuseppe-pezzella/profil/spieler/336960
432092,Roberto Piccoli,99,4,/roberto-piccoli/profil/spieler/432092
199976,Marco Sportiello,57,1,/marco-sportiello/profil/spieler/199976
338672,Zinho Vanheusden,3,2,/zinho-vanheusden/profil/spieler/338672
124715,Nikola Maksimovic,52,2,/nikola-maksimovic/profil/spieler/124715
525704,Nicolò Rovella,65,3,/nicolo-rovella/profil/spieler/525704
287700,Mohamed Fares,93,3,/mohamed-fares/profil/spieler/287700
181768,Hernani,33,3,/hernani/profil/spieler/181768
199953,Caleb Ekuban,20,4,/caleb-ekuban/profil/spieler/199953
167859,Stefano Sturaro,27,3,/stefano-sturaro/profil/spieler/167859
532937,Johan Vásquez,15,2,/johan-vasquez/profil/spieler/532937
37834,Felipe Caicedo,9,4,/felipe-caicedo/profil/spieler/37834
181382,Abdoulaye Touré,94,3,/abdoulaye-toure/profil/spieler/181382
357498,Dusan Vlahovic,9,4,/dusan-vlahovic/profil/spieler/357498
413507,Nikola Milenkovic,4,2,/nikola-milenkovic/profil/spieler/413507
486031,Nicolás González,22,4,/nicolas-gonzalez/profil/spieler/486031
303116,Gaetano Castrovilli,10,3,/gaetano-castrovilli/profil/spieler/303116
318077,Lucas Torreira,18,3,/lucas-torreira/profil/spieler/318077
208166,Bartlomiej Dragowski,69,1,/bartlomiej-dragowski/profil/spieler/208166
287579,Sofyan Amrabat,34,3,/sofyan-amrabat/profil/spieler/287579
184894,Alfred Duncan,32,3,/alfred-duncan/profil/spieler/184894
280730,Álvaro Odriozola,29,2,/alvaro-odriozola/profil/spieler/280730
373373,Lucas Martínez Quarta,2,2,/lucas-martinez-quarta/profil/spieler/373373
315865,Andrea Pinamonti,99,4,/andrea-pinamonti/profil/spieler/315865
390177,Nedim Bajrami,10,3,/nedim-bajrami/profil/spieler/390177
467992,Samuele Ricci,28,3,/samuele-ricci/profil/spieler/467992
265078,Patrick Cutrone,9,4,/patrick-cutrone/profil/spieler/265078
160344,Leonardo Mancuso,7,4,/leonardo-mancuso/profil/spieler/160344
192638,Nicolas Haas,32,3,/nicolas-haas/profil/spieler/192638
171159,Leo Stulac,5,3,/leo-stulac/profil/spieler/171159
38607,Federico Di Francesco,11,4,/federico-di-francesco/profil/spieler/38607
44420,Stefan Radu,26,2,/stefan-radu/profil/spieler/44420
465565,Dimitrije Kamenovic,0,2,/dimitrije-kamenovic/profil/spieler/465565
601577,André Anderson,28,3,/andre-anderson/profil/spieler/601577
140804,Jordan Lukaku,0,2,/jordan-lukaku/profil/spieler/140804
228761,Jony,0,4,/jony/profil/spieler/228761
289165,Patryk Dziczek,0,3,/patryk-dziczek/profil/spieler/289165
769063,Luka Romero,18,3,/luka-romero/profil/spieler/769063
421765,Alessio Riccardi,53,3,/alessio-riccardi/profil/spieler/421765
550108,Nicola Zalewski,59,3,/nicola-zalewski/profil/spieler/550108
45314,Federico Fazio,20,2,/federico-fazio/profil/spieler/45314
438682,Daniel Fuzato,87,1,/daniel-fuzato/profil/spieler/438682
562049,Edoardo Bove,52,3,/edoardo-bove/profil/spieler/562049
581604,Pietro Boer,63,1,/pietro-boer/profil/spieler/581604
22141,Antonio Mirante,83,1,/antonio-mirante/profil/spieler/22141
55282,Ciprian Tatarusanu,1,1,/ciprian-tatarusanu/profil/spieler/55282
354814,M'Bala Nzola,18,4,/mbala-nzola/profil/spieler/354814
241076,Emmanuel Gyasi,11,4,/emmanuel-gyasi/profil/spieler/241076
256361,Daniele Verde,10,4,/daniele-verde/profil/spieler/256361
131731,Mehdi Bourabia,6,3,/mehdi-bourabia/profil/spieler/131731
292772,Dimitrios Nikolaou,43,2,/dimitrios-nikolaou/profil/spieler/292772
79045,Jeroen Zoet,1,1,/jeroen-zoet/profil/spieler/79045
435213,Léo Sena,88,3,/leo-sena/profil/spieler/435213
197929,Ivan Provedel,94,1,/ivan-provedel/profil/spieler/197929
482836,David Strelec,44,4,/david-strelec/profil/spieler/482836
234523,Antonio Sanabria,19,4,/antonio-sanabria/profil/spieler/234523
544149,David Zima,6,2,/david-zima/profil/spieler/544149
648779,Wilfried Singo,17,2,/wilfried-singo/profil/spieler/648779
130360,Simone Verdi,24,3,/simone-verdi/profil/spieler/130360
225873,Karol Linetty,77,3,/karol-linetty/profil/spieler/225873
236490,Ola Aina,34,2,/ola-aina/profil/spieler/236490
245056,Sasa Lukic,10,3,/sasa-lukic/profil/spieler/245056
336125,Mërgim Vojvoda,27,2,/mergim-vojvoda/profil/spieler/336125
205940,Marko Pjaca,11,4,/marko-pjaca/profil/spieler/205940
134883,Daniele Baselli,8,3,/daniele-baselli/profil/spieler/134883
64793,Leonardo Pavoletti,30,4,/leonardo-pavoletti/profil/spieler/64793
312862,Dalbert,29,2,/dalbert/profil/spieler/312862
197473,Alberto Grassi,27,3,/alberto-grassi/profil/spieler/197473
264116,Gastón Pereiro,20,3,/gaston-pereiro/profil/spieler/264116
563812,Christian Oliva,21,3,/christian-oliva/profil/spieler/563812
83877,Diego Farias,17,4,/diego-farias/profil/spieler/83877
136514,Charalampos Lykogiannis,22,2,/charalampos-lykogiannis/profil/spieler/136514
54928,Diego Godín,2,2,/diego-godin/profil/spieler/54928
102745,Luca Ceppitelli,23,2,/luca-ceppitelli/profil/spieler/102745
63186,Roberto Soriano,21,3,/roberto-soriano/profil/spieler/63186
497291,Nicolás Domínguez,8,3,/nicolas-dominguez/profil/spieler/497291
347900,Jerdy Schouten,30,3,/jerdy-schouten/profil/spieler/347900
591949,Aaron Hickey,3,2,/aaron-hickey/profil/spieler/591949
41384,Marko Arnautovic,9,4,/marko-arnautovic/profil/spieler/41384
247377,Kevin Bonifazi,4,2,/kevin-bonifazi/profil/spieler/247377
432982,Andreas Skov Olsen,11,4,/andreas-skov-olsen/profil/spieler/432982
368891,Arthur Theate,6,2,/arthur-theate/profil/spieler/368891
394346,Emanuel Vignato,55,4,/emanuel-vignato/profil/spieler/394346
126673,Adama Soumaoro,5,2,/adama-soumaoro/profil/spieler/126673
85528,Marco Silvestri,1,1,/marco-silvestri/profil/spieler/85528
104597,Bram Nuytinck,17,2,/bram-nuytinck/profil/spieler/104597
255744,Samir,3,2,/samir/profil/spieler/255744
283528,Ignacio Pussetto,23,4,/ignacio-pussetto/profil/spieler/283528
323954,Walace,11,3,/walace/profil/spieler/323954
410158,Rodrigo Becão,50,2,/rodrigo-becao/profil/spieler/410158
69646,Jens Stryger Larsen,19,2,/jens-stryger-larsen/profil/spieler/69646
491693,Nehuén Pérez,2,2,/nehuen-perez/profil/spieler/491693
556385,Destiny Udogie,13,2,/destiny-udogie/profil/spieler/556385
53536,Tolgay Arslan,5,3,/tolgay-arslan/profil/spieler/53536
200194,Federico Mattiello,0,2,/federico-mattiello/profil/spieler/200194
571604,Giorgio Scalvini,42,2,/giorgio-scalvini/profil/spieler/571604
126634,Francesco Rossi,31,1,/francesco-rossi/profil/spieler/126634
313477,Paolo Ghiglione,18,3,/paolo-ghiglione/profil/spieler/313477
313830,Pablo Galdames,99,3,/pablo-galdames/profil/spieler/313830
176139,Mattia Bani,13,2,/mattia-bani/profil/spieler/176139
459658,Andrea Cambiaso,50,2,/andrea-cambiaso/profil/spieler/459658
25508,Salvatore Sirigu,57,1,/salvatore-sirigu/profil/spieler/25508
88683,Mattia Destro,23,4,/mattia-destro/profil/spieler/88683
199927,Davide Biraschi,14,2,/davide-biraschi/profil/spieler/199927
317057,Adrian Semper,1,1,/adrian-semper/profil/spieler/317057
124555,Cristiano Biraghi,3,2,/cristiano-biraghi/profil/spieler/124555
215616,Erick Pulgar,15,3,/erick-pulgar/profil/spieler/215616
386455,Riccardo Sottil,33,4,/riccardo-sottil/profil/spieler/386455
143559,Matija Nastasic,55,2,/matija-nastasic/profil/spieler/143559
201040,Marco Benassi,24,3,/marco-benassi/profil/spieler/201040
380350,Igor,98,2,/igor/profil/spieler/380350
57280,Giacomo Bonaventura,5,3,/giacomo-bonaventura/profil/spieler/57280
89086,Aleksandr Kokorin,91,4,/aleksandr-kokorin/profil/spieler/89086
324377,Youssef Maleh,14,3,/youssef-maleh/profil/spieler/324377
435228,Ardian Ismajli,34,2,/ardian-ismajli/profil/spieler/435228
547985,Fabiano Parisi,65,2,/fabiano-parisi/profil/spieler/547985
193867,Liam Henderson,8,3,/liam-henderson/profil/spieler/193867
278531,Sebastiano Luperto,33,2,/sebastiano-luperto/profil/spieler/278531
111347,Lorenzo Tonelli,26,2,/lorenzo-tonelli/profil/spieler/111347
134983,Andrea La Mantia,19,4,/andrea-la-mantia/profil/spieler/134983
286047,Guglielmo Vicario,13,1,/guglielmo-vicario/profil/spieler/286047
387234,Szymon Zurkowski,27,3,/szymon-zurkowski/profil/spieler/387234
240934,Filippo Bandinelli,25,3,/filippo-bandinelli/profil/spieler/240934
297645,Riccardo Marchizza,3,2,/riccardo-marchizza/profil/spieler/297645
183841,Petar Stojanovic,30,2,/petar-stojanovic/profil/spieler/183841
7825,Pepe Reina,25,1,/pepe-reina/profil/spieler/7825
135208,Riza Durmisi,0,2,/riza-durmisi/profil/spieler/135208
331514,Bobby Adekanye,0,4,/bobby-adekanye/profil/spieler/331514
240349,Cristiano Lombardi,0,4,/cristiano-lombardi/profil/spieler/240349
300137,Marius Adamonis,31,1,/marius-adamonis/profil/spieler/300137
194549,Simy,25,4,/simy/profil/spieler/194549
241527,Federico Bonazzoli,9,4,/federico-bonazzoli/profil/spieler/241527
472161,Mamadou Coulibaly,2,3,/mamadou-coulibaly/profil/spieler/472161
346561,Luca Ranieri,19,2,/luca-ranieri/profil/spieler/346561
240786,Riccardo Gagliolo,31,2,/riccardo-gagliolo/profil/spieler/240786
386552,Lassana Coulibaly,18,3,/lassana-coulibaly/profil/spieler/386552
616631,Matteo Ruggeri,3,2,/matteo-ruggeri/profil/spieler/616631
22068,Franck Ribéry,7,4,/franck-ribery/profil/spieler/22068
407885,Wajdi Kechrida,24,3,/wajdi-kechrida/profil/spieler/407885
298635,Grigoris Kastanos,20,3,/grigoris-kastanos/profil/spieler/298635
213854,Cedric Gondo,15,4,/cedric-gondo/profil/spieler/213854
392771,Ethan Ampadu,44,2,/ethan-ampadu/profil/spieler/392771
504209,Gianluca Busio,27,3,/gianluca-busio/profil/spieler/504209
412513,Thomas Henry,14,4,/thomas-henry/profil/spieler/412513
377665,Arnór Sigurdsson,11,3,/arnor-sigurdsson/profil/spieler/377665
624548,Salva Ferrer,21,2,/salva-ferrer/profil/spieler/624548
579294,Aimar Sher,31,3,/aimar-sher/profil/spieler/579294
308278,Rey Manaj,9,4,/rey-manaj/profil/spieler/308278
96828,Simone Zaza,7,4,/simone-zaza/profil/spieler/96828
386446,Alessandro Buongiorno,99,2,/alessandro-buongiorno/profil/spieler/386446
55854,Cristian Ansaldi,15,2,/cristian-ansaldi/profil/spieler/55854
75942,Tomás Rincón,88,3,/tomas-rincon/profil/spieler/75942
86784,Ricardo Rodríguez,13,2,/ricardo-rodriguez/profil/spieler/86784
183031,Koffi Djidji,26,2,/koffi-djidji/profil/spieler/183031
257474,Vanja Milinković-Savić,32,1,/vanja-milinkovi%C4%87-savi%C4%87/profil/spieler/257474
77825,Etrit Berisha,1,1,/etrit-berisha/profil/spieler/77825
482107,Magnus Warming,70,4,/magnus-warming/profil/spieler/482107
167796,Paolo Faragò,24,2,/paolo-farago/profil/spieler/167796
235931,Alessandro Deiola,14,3,/alessandro-deiola/profil/spieler/235931
54935,Martín Cáceres,4,2,/martin-caceres/profil/spieler/54935
357992,Raoul Bellanova,12,2,/raoul-bellanova/profil/spieler/357992
460898,Damir Ceter,32,4,/damir-ceter/profil/spieler/460898
459452,Riccardo Ladinetti,35,3,/riccardo-ladinetti/profil/spieler/459452
258482,Boris Radunović,31,1,/boris-radunovi%C4%87/profil/spieler/258482
354909,Giorgio Altare,15,2,/giorgio-altare/profil/spieler/354909
80894,Lukasz Skorupski,28,1,/lukasz-skorupski/profil/spieler/80894
82048,Nicola Sansone,10,4,/nicola-sansone/profil/spieler/82048
187245,Mitchell Dijks,35,2,/mitchell-dijks/profil/spieler/187245
119115,Diego Falcinelli,91,4,/diego-falcinelli/profil/spieler/119115
33571,Lorenzo De Silvestri,29,2,/lorenzo-de-silvestri/profil/spieler/33571
322305,Jean-Victor Makengo,6,3,/jean-victor-makengo/profil/spieler/322305
528833,Lazar Samardzic,24,3,/lazar-samardzic/profil/spieler/528833
295331,Isaac Success,14,4,/isaac-success/profil/spieler/295331
54581,Ilija Nestorovski,30,4,/ilija-nestorovski/profil/spieler/54581
92899,Marvin Zeegelaar,4,2,/marvin-zeegelaar/profil/spieler/92899
44948,Fernando Forestieri,45,4,/fernando-forestieri/profil/spieler/44948
157849,Lukasz Teodorczyk,91,4,/lukasz-teodorczyk/profil/spieler/157849
301236,Francesco Cassata,8,3,/francesco-cassata/profil/spieler/301236
40633,Milan Badelj,47,3,/milan-badelj/profil/spieler/40633
623040,Yayah Kallon,91,4,/yayah-kallon/profil/spieler/623040
167491,Stefano Sabelli,2,2,/stefano-sabelli/profil/spieler/167491
44136,Domenico Criscito,4,2,/domenico-criscito/profil/spieler/44136
553757,Aleksander Buksa,44,4,/aleksander-buksa/profil/spieler/553757
394304,Manolo Portanova,90,3,/manolo-portanova/profil/spieler/394304
315862,Filippo Melegoni,10,3,/filippo-melegoni/profil/spieler/315862
34198,Andrea Masiello,5,2,/andrea-masiello/profil/spieler/34198
240219,Lorenzo Venuti,23,2,/lorenzo-venuti/profil/spieler/240219
404260,Aleksa Terzic,17,2,/aleksa-terzic/profil/spieler/404260
88909,Riccardo Saponara,8,3,/riccardo-saponara/profil/spieler/88909
61253,José Callejón,7,4,/jose-callejon/profil/spieler/61253
96254,Pietro Terracciano,1,1,/pietro-terracciano/profil/spieler/96254
370701,Michele Cerofolini,0,1,/michele-cerofolini/profil/spieler/370701
6442,Antonio Rosati,25,1,/antonio-rosati/profil/spieler/6442
493702,Mattia Viti,42,2,/mattia-viti/profil/spieler/493702
88706,Simone Romagnoli,6,2,/simone-romagnoli/profil/spieler/88706
641537,Tommaso Baldanzi,35,3,/tommaso-baldanzi/profil/spieler/641537
197745,Riccardo Fiamozzi,20,2,/riccardo-fiamozzi/profil/spieler/197745
543771,Kristjan Asllani,23,3,/kristjan-asllani/profil/spieler/543771
163652,Jacopo Furlan,22,1,/jacopo-furlan/profil/spieler/163652
42744,Samir Ujkani,1,1,/samir-ujkani/profil/spieler/42744
390117,Samuele Damiani,21,3,/samuele-damiani/profil/spieler/390117
50617,Stefan Strandberg,6,2,/stefan-strandberg/profil/spieler/50617
73090,Vid Belec,72,1,/vid-belec/profil/spieler/73090
84442,Leonardo Capezzi,28,3,/leonardo-capezzi/profil/spieler/84442
197470,Mattia Caldara,31,2,/mattia-caldara/profil/spieler/197470
200188,Mattia Aramu,10,3,/mattia-aramu/profil/spieler/200188
228444,Ridgeciano Haps,55,2,/ridgeciano-haps/profil/spieler/228444
413605,David Okereke,77,4,/david-okereke/profil/spieler/413605
164534,Francesco Forte,9,4,/francesco-forte/profil/spieler/164534
393804,Sofian Kiyine,23,3,/sofian-kiyine/profil/spieler/393804
670096,Tanner Tessmann,8,3,/tanner-tessmann/profil/spieler/670096
204987,Dor Peretz,42,3,/dor-peretz/profil/spieler/204987
239099,Pietro Ceccaroni,32,2,/pietro-ceccaroni/profil/spieler/239099
425918,Jakub Kiwior,14,2,/jakub-kiwior/profil/spieler/425918
372809,Petko Hristov,15,2,/petko-hristov/profil/spieler/372809
96806,Jacopo Sala,7,2,/jacopo-sala/profil/spieler/96806
344595,Aurélien Nguiamba,39,3,/aurelien-nguiamba/profil/spieler/344595
540827,Suf Podgoreanu,17,4,/suf-podgoreanu/profil/spieler/540827
632831,Nicolò Bertola,77,2,/nicolo-bertola/profil/spieler/632831
581912,Diego Zuppel,99,4,/diego-zuppel/profil/spieler/581912
602299,Petar Zovko,40,1,/petar-zovko/profil/spieler/602299
632829,Niccolò Pietra,80,3,/niccolo-pietra/profil/spieler/632829
340070,Simone Edera,20,4,/simone-edera/profil/spieler/340070
463792,Luca Gemello,89,1,/luca-gemello/profil/spieler/463792
522681,Ben Lhassine Kone,25,3,/ben-lhassine-kone/profil/spieler/522681
568617,Razvan Sava,90,1,/razvan-sava/profil/spieler/568617
41912,Simone Aresti,1,1,/simone-aresti/profil/spieler/41912
99180,Federico Santander,19,4,/federico-santander/profil/spieler/99180
207715,Ibrahima Mbaye,15,2,/ibrahima-mbaye/profil/spieler/207715
60889,Gary Medel,17,3,/gary-medel/profil/spieler/60889
496270,Gianmarco Cangiano,74,4,/gianmarco-cangiano/profil/spieler/496270
471004,Luis Binks,2,2,/luis-binks/profil/spieler/471004
423614,Gabriele Corbo,0,2,/gabriele-corbo/profil/spieler/423614
56830,Sebastien De Maio,87,2,/sebastien-de-maio/profil/spieler/56830
27807,Daniele Padelli,20,1,/daniele-padelli/profil/spieler/27807
47513,Mato Jajalo,8,3,/mato-jajalo/profil/spieler/47513
130388,Antonio Santurro,0,1,/antonio-santurro/profil/spieler/130388
46105,Ivan Radovanovic,21,2,/ivan-radovanovic/profil/spieler/46105
12563,Goran Pandev,19,4,/goran-pandev/profil/spieler/12563
21905,Valon Behrami,11,3,/valon-behrami/profil/spieler/21905
364132,Flavio Bianchi,24,4,/flavio-bianchi/profil/spieler/364132
22318,Federico Marchetti,22,1,/federico-marchetti/profil/spieler/22318
500164,Laurens Serpe,66,2,/laurens-serpe/profil/spieler/500164
234880,Lorenzo Andrenacci,35,1,/lorenzo-andrenacci/profil/spieler/234880
603891,Emmanuel Ekong,17,4,/emmanuel-ekong/profil/spieler/603891
205054,Norbert Gyomber,23,2,/norbert-gyomber/profil/spieler/205054
226058,Luka Bogdan,26,2,/luka-bogdan/profil/spieler/226058
392966,Nadir Zortea,21,3,/nadir-zortea/profil/spieler/392966
287600,Pawel Jaroszynski,4,2,/pawel-jaroszynski/profil/spieler/287600
45581,Joel Obi,22,3,/joel-obi/profil/spieler/45581
67556,Milan Djuric,11,4,/milan-djuric/profil/spieler/67556
84766,Francesco Di Tacchio,14,3,/francesco-di-tacchio/profil/spieler/84766
111433,Frédéric Veseli,5,2,/frederic-veseli/profil/spieler/111433
421780,Edoardo Vergani,63,4,/edoardo-vergani/profil/spieler/421780
250153,Pasquale Mazzocchi,7,2,/pasquale-mazzocchi/profil/spieler/250153
287875,Luca Fiordilino,16,3,/luca-fiordilino/profil/spieler/287875
406042,Dennis Johnsen,17,4,/dennis-johnsen/profil/spieler/406042
30690,Sergio Romero,0,1,/sergio-romero/profil/spieler/30690
446491,Daan Heymans,18,3,/daan-heymans/profil/spieler/446491
216599,Domen Crnigoj,33,3,/domen-crnigoj/profil/spieler/216599
309944,Tyronne Ebuehi,22,2,/tyronne-ebuehi/profil/spieler/309944
438961,Michael Svoboda,30,2,/michael-svoboda/profil/spieler/438961
165531,Jacopo Dezi,6,3,/jacopo-dezi/profil/spieler/165531
378260,David Schnegg,28,2,/david-schnegg/profil/spieler/378260
439292,Sydney van Hooijdonk,20,4,/sydney-van-hooijdonk/profil/spieler/439292
110925,Francesco Bardi,22,1,/francesco-bardi/profil/spieler/110925
401920,Kingsley Michael,16,3,/kingsley-michael/profil/spieler/401920
574164,Marco Molla,12,1,/marco-molla/profil/spieler/574164
55000,Vincenzo Fiorillo,1,1,/vincenzo-fiorillo/profil/spieler/55000
57633,Ramzi Aya,13,2,/ramzi-aya/profil/spieler/57633
136133,Andrea Schiavone,8,3,/andrea-schiavone/profil/spieler/136133
393904,Filippo Delli Carri,33,2,/filippo-delli-carri/profil/spieler/393904
541282,Antonio Russo,12,1,/antonio-russo/profil/spieler/541282
260777,Sedrick Kalombo,16,3,/sedrick-kalombo/profil/spieler/260777
256996,Guido Guerrieri,22,1,/guido-guerrieri/profil/spieler/256996
135747,Luca Lezzerini,12,1,/luca-lezzerini/profil/spieler/135747
102984,Antonio Junior Vacca,5,3,/antonio-junior-vacca/profil/spieler/102984
198873,Marco Modolo,13,2,/marco-modolo/profil/spieler/198873
270515,Lauri Ala-Myllymäki,21,3,/lauri-ala-myllymaki/profil/spieler/270515
72491,Riccardo Bocalon,24,4,/riccardo-bocalon/profil/spieler/72491
100176,Gianmarco Zigoni,39,4,/gianmarco-zigoni/profil/spieler/100176
12359,Niki Mäenpää,1,1,/niki-maenpaa/profil/spieler/12359
21972,Cristian Molinaro,3,2,/cristian-molinaro/profil/spieler/21972
566613,Bjarki Steinn Bjarkason,19,4,/bjarki-steinn-bjarkason/profil/spieler/566613
323929,Bruno Bertinato,34,1,/bruno-bertinato/profil/spieler/323929
616228,Filippo Neri,91,1,/filippo-neri/profil/spieler/616228
